{"cameraMode":{"drawMode":0,"name":"Shaded","section":"Shading Mode"},"sceneLighting":false,"audioPlay":false,"sceneViewState":{"showFog":true,"showMaterialUpdate":true,"showSkybox":true,"showFlares":true,"showImageEffects":true,"showParticleSystems":true},"in2DMode":false,"pivot":{"x":-187.6024169921875,"y":21.050113677978517,"z":14.387535095214844},"rotation":{"x":0.05866817757487297,"y":-0.9154559969902039,"z":0.14482510089874268,"w":0.3708425760269165},"size":140.5370330810547,"orthographic":false}