{"cameraMode":{"drawMode":0,"name":"Shaded","section":"Shading Mode"},"sceneLighting":false,"audioPlay":false,"sceneViewState":{"showFog":true,"showMaterialUpdate":true,"showSkybox":true,"showFlares":true,"showImageEffects":true,"showParticleSystems":true},"in2DMode":false,"pivot":{"x":0.06000041961669922,"y":4.651000022888184,"z":500.0},"rotation":{"x":-0.026961198076605798,"y":0.9715328216552734,"z":-0.13672156631946565,"w":-0.1915837526321411},"size":32.32151794433594,"orthographic":false}