{"cameraMode":{"drawMode":0,"name":"Shaded","section":"Shading Mode"},"sceneLighting":true,"audioPlay":false,"sceneViewState":{"showFog":true,"showMaterialUpdate":true,"showSkybox":true,"showFlares":true,"showImageEffects":true,"showParticleSystems":true},"in2DMode":false,"pivot":{"x":463.48687744140627,"y":143.6199951171875,"z":0.0},"rotation":{"x":0.16006967425346375,"y":-0.02517285756766796,"z":0.0040833973325788979,"w":0.9867762923240662},"size":553.2669677734375,"orthographic":false}